{"loss": [1.3370965719223022, 1.1742018461227417, 1.1459463834762573, 1.1262141466140747, 1.1224024295806885, 1.1164109706878662, 1.1083394289016724, 1.1111958026885986, 1.1007269620895386, 1.1002808809280396, 1.0956896543502808, 1.0904262065887451, 1.088629961013794, 1.0831094980239868, 1.0838865041732788, 1.0775874853134155, 1.0752495527267456, 1.072693943977356, 1.074722170829773, 1.0690388679504395, 1.0660138130187988, 1.0663663148880005, 1.066023349761963, 1.0629950761795044, 1.0556821823120117, 1.053349256515503, 1.054131269454956, 1.0521494150161743, 1.0512744188308716, 1.0454442501068115, 1.0462427139282227, 1.0476107597351074, 1.0439808368682861, 1.0398746728897095, 1.0383844375610352, 1.0329676866531372, 1.0396794080734253, 1.0394941568374634, 1.032069206237793, 1.0352821350097656, 1.0346933603286743, 1.0280921459197998, 1.0356475114822388, 1.0321131944656372, 1.031088948249817, 1.0271095037460327, 1.022672176361084, 1.0216361284255981, 1.0273793935775757, 1.0251245498657227, 1.0208323001861572, 1.025550365447998, 1.0208864212036133, 1.0176759958267212, 1.0146775245666504, 1.021117925643921, 1.012279748916626, 1.0124659538269043, 1.0193909406661987, 1.014256238937378, 1.0152994394302368, 1.0145659446716309, 1.005737543106079, 1.0162843465805054, 1.0056289434432983, 1.0096642971038818, 1.0096230506896973, 1.0089448690414429, 1.010993480682373, 1.006978988647461, 1.001548171043396, 1.0122287273406982, 1.0038270950317383, 1.002280592918396, 1.0060951709747314, 1.0007599592208862, 1.0042449235916138, 0.9967348575592041, 1.006535291671753, 1.0030773878097534, 0.996514081954956, 1.0001038312911987, 0.9970840811729431, 0.9923429489135742, 0.9944536089897156, 0.9990334510803223, 0.9954169988632202, 0.9988582730293274], "accuracy": [0.46097925305366516, 0.5031002759933472, 0.5159290432929993, 0.513363242149353, 0.525336742401123, 0.5306820869445801, 0.5244815349578857, 0.523840069770813, 0.5353859066963196, 0.5385931134223938, 0.5326063632965088, 0.5366687774658203, 0.5341030359268188, 0.5452212691307068, 0.5398759841918945, 0.5435107946395874, 0.5456489324569702, 0.5482146739959717, 0.5362411737442017, 0.5445798635482788, 0.5486422777175903, 0.5458627343177795, 0.5458627343177795, 0.5475732088088989, 0.5492837429046631, 0.5454351305961609, 0.5509942173957825, 0.5445798635482788, 0.5574085712432861, 0.5539876222610474, 0.5518494844436646, 0.5486422777175903, 0.5565533638000488, 0.5527047514915466, 0.5535599589347839, 0.5599743127822876, 0.5533461570739746, 0.5516356825828552, 0.5569809675216675, 0.559546709060669, 0.5512080192565918, 0.5559118986129761, 0.5574085712432861, 0.5563395619392395, 0.5586914420127869, 0.5574085712432861, 0.5629677176475525, 0.561043381690979, 0.5593329071998596, 0.5640367865562439, 0.566388726234436, 0.5561257004737854, 0.5642505884170532, 0.5631815195083618, 0.5653196573257446, 0.559546709060669, 0.5674577951431274, 0.5706649422645569, 0.5625401139259338, 0.5636091232299805, 0.564892053604126, 0.5674577951431274, 0.571520209312439, 0.5661749243736267, 0.5693820714950562, 0.5742997527122498, 0.5710926055908203, 0.5685268044471741, 0.565533459186554, 0.5631815195083618, 0.5706649422645569, 0.5629677176475525, 0.5698097348213196, 0.5725892782211304, 0.5687406659126282, 0.5751550197601318, 0.5732306838035583, 0.5742997527122498, 0.5772931575775146, 0.5719478130340576, 0.577506959438324, 0.5725892782211304, 0.5764378905296326, 0.578362226486206, 0.5762240886688232, 0.5749412178993225, 0.578148365020752, 0.5766516923904419], "val_loss": [1.1061053276062012, 1.0593057870864868, 1.015027642250061, 1.0122160911560059, 0.9999341368675232, 1.0108808279037476, 0.9952036738395691, 0.9987273216247559, 0.9899478554725647, 0.9835622906684875, 0.9772718548774719, 0.9728091359138489, 0.9740495681762695, 0.9724375009536743, 0.970119833946228, 0.9602258205413818, 0.9679466485977173, 0.9648895859718323, 0.9578256607055664, 0.9587916135787964, 0.9641614556312561, 0.9561790823936462, 0.9580069184303284, 0.9590911865234375, 0.9645096659660339, 0.952536940574646, 0.9521398544311523, 0.9510782361030579, 0.9394431710243225, 0.9412606954574585, 0.9476375579833984, 0.9339815974235535, 0.9536486268043518, 0.9386240839958191, 0.9427460432052612, 0.9292355179786682, 0.9577194452285767, 0.9381308555603027, 0.9301820397377014, 0.9263638257980347, 0.9292547702789307, 0.9236701130867004, 0.9292462468147278, 0.9269818663597107, 0.9231840372085571, 0.9224693775177002, 0.9293572902679443, 0.9233465194702148, 0.9331798553466797, 0.9234842658042908, 0.9255260229110718, 0.9289696216583252, 0.925690770149231, 0.9245223999023438, 0.9282035827636719, 0.9221307635307312, 0.9210943579673767, 0.9226859211921692, 0.9240471124649048, 0.9195813536643982, 0.9194501042366028, 0.9213438630104065, 0.9195985794067383, 0.9216518402099609, 0.9259352087974548, 0.9183628559112549, 0.9197892546653748, 0.9163362383842468, 0.9185019731521606, 0.9140139818191528, 0.9153540730476379, 0.9250636100769043, 0.9162867665290833, 0.9129266738891602, 0.9370719790458679, 0.9155377745628357, 0.9443870782852173, 0.909131646156311, 0.9251329898834229, 0.9161930084228516, 0.9202286005020142, 0.9128732085227966, 0.91607666015625, 0.9149728417396545, 0.9134810566902161, 0.911521315574646, 0.910402774810791, 0.9121785759925842], "val_accuracy": [0.5307692289352417, 0.5711538195610046, 0.567307710647583, 0.5942307710647583, 0.5865384340286255, 0.5730769038200378, 0.5865384340286255, 0.607692301273346, 0.6000000238418579, 0.6134615540504456, 0.6134615540504456, 0.6230769157409668, 0.6057692170143127, 0.6173076629638672, 0.6192307472229004, 0.607692301273346, 0.6173076629638672, 0.6115384697914124, 0.6153846383094788, 0.6115384697914124, 0.6057692170143127, 0.607692301273346, 0.625, 0.6096153855323792, 0.6057692170143127, 0.6115384697914124, 0.6153846383094788, 0.6057692170143127, 0.6134615540504456, 0.625, 0.6211538314819336, 0.6134615540504456, 0.6000000238418579, 0.607692301273346, 0.6288461685180664, 0.6173076629638672, 0.6000000238418579, 0.6173076629638672, 0.6038461327552795, 0.607692301273346, 0.6057692170143127, 0.6096153855323792, 0.6192307472229004, 0.6211538314819336, 0.6134615540504456, 0.6115384697914124, 0.6192307472229004, 0.6134615540504456, 0.5980769395828247, 0.6230769157409668, 0.6115384697914124, 0.607692301273346, 0.6173076629638672, 0.6307692527770996, 0.6288461685180664, 0.6211538314819336, 0.6269230842590332, 0.6192307472229004, 0.6134615540504456, 0.6057692170143127, 0.6134615540504456, 0.6307692527770996, 0.6057692170143127, 0.6115384697914124, 0.6288461685180664, 0.607692301273346, 0.6096153855323792, 0.6019230484962463, 0.6230769157409668, 0.6230769157409668, 0.5884615182876587, 0.6000000238418579, 0.5923076868057251, 0.5980769395828247, 0.6019230484962463, 0.607692301273346, 0.5980769395828247, 0.6096153855323792, 0.6019230484962463, 0.6211538314819336, 0.6019230484962463, 0.6134615540504456, 0.6153846383094788, 0.5903846025466919, 0.607692301273346, 0.6211538314819336, 0.6153846383094788, 0.6134615540504456]}