{"loss": [1.3368687629699707, 1.169631838798523, 1.1466318368911743, 1.1301548480987549, 1.1174061298370361, 1.1161614656448364, 1.1115424633026123, 1.1033014059066772, 1.0953341722488403, 1.099300503730774, 1.089302897453308, 1.092151165008545, 1.088747262954712, 1.0786775350570679, 1.0821106433868408, 1.0747363567352295, 1.073954463005066, 1.0686125755310059, 1.0692142248153687, 1.0634064674377441, 1.06273353099823, 1.0634779930114746, 1.0590407848358154, 1.057603120803833, 1.0569077730178833, 1.0554174184799194, 1.0519564151763916, 1.050127387046814, 1.0513797998428345, 1.0508898496627808, 1.0513373613357544, 1.0436078310012817, 1.0379558801651, 1.036017894744873, 1.0315682888031006, 1.0396764278411865, 1.031740427017212, 1.0345706939697266, 1.03342866897583, 1.0328282117843628, 1.033665657043457, 1.0290699005126953, 1.027910590171814, 1.0309747457504272, 1.023781418800354, 1.0233060121536255, 1.022283911705017, 1.02415132522583, 1.0249996185302734, 1.0216220617294312, 1.0248334407806396, 1.0193026065826416, 1.0209192037582397, 1.0200691223144531, 1.0185108184814453, 1.016026258468628, 1.0134522914886475, 1.015553593635559, 1.0141681432724, 1.016321063041687, 1.0104124546051025, 1.0089409351348877, 1.0085339546203613, 1.0105162858963013, 1.007926106452942, 1.004522681236267, 1.011677622795105, 1.0073364973068237, 1.0079050064086914, 1.0070890188217163, 1.0041981935501099, 1.0015369653701782, 1.0037083625793457, 0.99941486120224, 0.9982076287269592, 1.0038915872573853, 0.9980241060256958, 0.9969916939735413, 0.9965910911560059, 1.001875638961792, 0.9924719929695129, 0.9971402883529663, 0.9967690110206604, 0.9900206923484802, 0.9909613132476807, 0.9958211779594421, 0.9935830235481262, 0.9850862622261047, 0.9917997717857361, 0.9869844913482666, 0.9869701862335205, 0.9857416152954102, 0.9861889481544495], "accuracy": [0.44729527831077576, 0.5131494402885437, 0.5135771036148071, 0.5214881300926208, 0.5137909054756165, 0.5266196131706238, 0.5255505442619324, 0.5315372943878174, 0.5353859066963196, 0.5281162858009338, 0.5385931134223938, 0.5381655097007751, 0.5366687774658203, 0.5435107946395874, 0.542441725730896, 0.5405174493789673, 0.5407312512397766, 0.5447936654090881, 0.5447936654090881, 0.5505666136741638, 0.5486422777175903, 0.5520632863044739, 0.5542014241218567, 0.547787070274353, 0.5559118986129761, 0.5520632863044739, 0.5512080192565918, 0.5514218807220459, 0.5556980967521667, 0.5509942173957825, 0.543938398361206, 0.5524908900260925, 0.5539876222610474, 0.5591191053390503, 0.5554842948913574, 0.5571947693824768, 0.5618986487388611, 0.5518494844436646, 0.5576224327087402, 0.5576224327087402, 0.5537737607955933, 0.5651058554649353, 0.5616848468780518, 0.5659610629081726, 0.5646781921386719, 0.5644643902778625, 0.5618986487388611, 0.5653196573257446, 0.5533461570739746, 0.5621124505996704, 0.5612572431564331, 0.5606157779693604, 0.5627539157867432, 0.5599743127822876, 0.5593329071998596, 0.5597605109214783, 0.5698097348213196, 0.5674577951431274, 0.5653196573257446, 0.565533459186554, 0.5728030800819397, 0.5695958733558655, 0.566388726234436, 0.5653196573257446, 0.5621124505996704, 0.5755826234817505, 0.5725892782211304, 0.5728030800819397, 0.5719478130340576, 0.5691682696342468, 0.5700235366821289, 0.572375476360321, 0.560401976108551, 0.572375476360321, 0.5674577951431274, 0.5698097348213196, 0.5702373385429382, 0.5736583471298218, 0.5738721489906311, 0.5687406659126282, 0.5757964253425598, 0.5680992007255554, 0.578148365020752, 0.5738721489906311, 0.5755826234817505, 0.5794312357902527, 0.5742997527122498, 0.5710926055908203, 0.5760102868080139, 0.5770792961120605, 0.5704511404037476, 0.5802865028381348, 0.5742997527122498], "val_loss": [1.1000877618789673, 1.0378609895706177, 1.029569149017334, 1.013254165649414, 1.0223835706710815, 0.9957752823829651, 1.002303957939148, 0.9968295693397522, 0.989441990852356, 0.9922933578491211, 0.9769718050956726, 0.9810956716537476, 0.9764474630355835, 0.9769471883773804, 0.9746832847595215, 0.9733825922012329, 0.9710519909858704, 0.9737986922264099, 0.9625646471977234, 0.9539120197296143, 0.9540309906005859, 0.9644654393196106, 0.954943835735321, 0.9551481604576111, 0.9521083831787109, 0.9510136842727661, 0.9631509780883789, 0.9638729095458984, 0.9559441208839417, 0.9539135098457336, 0.9546994566917419, 0.9474422335624695, 0.951054036617279, 0.9503121972084045, 0.9525653123855591, 0.9441736936569214, 0.937887966632843, 0.9511849880218506, 0.9474390149116516, 0.9384605884552002, 0.9565660357475281, 0.9343726634979248, 0.9475200772285461, 0.9492167830467224, 0.9561713337898254, 0.934015154838562, 0.9347655177116394, 0.9390579462051392, 0.9313288927078247, 0.9349638223648071, 0.9361392855644226, 0.9314644932746887, 0.9296768307685852, 0.9374508261680603, 0.925788402557373, 0.9325005412101746, 0.9424276351928711, 0.9362981915473938, 0.9284603595733643, 0.9302486777305603, 0.929036021232605, 0.930346667766571, 0.9223794937133789, 0.9358118176460266, 0.9251593947410583, 0.9285725951194763, 0.9224913120269775, 0.9276430606842041, 0.9324105381965637, 0.9191075563430786, 0.9212549328804016, 0.9312398433685303, 0.9275709390640259, 0.9177592396736145, 0.9196285009384155, 0.9162591695785522, 0.9220184683799744, 0.9189729690551758, 0.916513979434967, 0.9154481291770935, 0.9203895330429077, 0.9144343137741089, 0.9081176519393921, 0.9197810888290405, 0.9107818007469177, 0.91585773229599, 0.9189038276672363, 0.917509138584137, 0.9177839159965515, 0.9118655323982239, 0.914547860622406, 0.9145104289054871, 0.916674017906189], "val_accuracy": [0.5538461804389954, 0.5653846263885498, 0.5653846263885498, 0.5865384340286255, 0.567307710647583, 0.6115384697914124, 0.6057692170143127, 0.6115384697914124, 0.6115384697914124, 0.6096153855323792, 0.6096153855323792, 0.6019230484962463, 0.6096153855323792, 0.6038461327552795, 0.6096153855323792, 0.6153846383094788, 0.6173076629638672, 0.6192307472229004, 0.6134615540504456, 0.6153846383094788, 0.6173076629638672, 0.6096153855323792, 0.6153846383094788, 0.6192307472229004, 0.6115384697914124, 0.6153846383094788, 0.6115384697914124, 0.6057692170143127, 0.5961538553237915, 0.5980769395828247, 0.6192307472229004, 0.6019230484962463, 0.6096153855323792, 0.5923076868057251, 0.5942307710647583, 0.6153846383094788, 0.6115384697914124, 0.6057692170143127, 0.6326923370361328, 0.6269230842590332, 0.6096153855323792, 0.6115384697914124, 0.5923076868057251, 0.6173076629638672, 0.5942307710647583, 0.607692301273346, 0.6134615540504456, 0.6192307472229004, 0.6115384697914124, 0.6115384697914124, 0.6115384697914124, 0.6134615540504456, 0.6019230484962463, 0.6115384697914124, 0.607692301273346, 0.6096153855323792, 0.6173076629638672, 0.6000000238418579, 0.6134615540504456, 0.607692301273346, 0.607692301273346, 0.607692301273346, 0.6096153855323792, 0.6134615540504456, 0.6000000238418579, 0.607692301273346, 0.6211538314819336, 0.5923076868057251, 0.6057692170143127, 0.6115384697914124, 0.607692301273346, 0.5980769395828247, 0.607692301273346, 0.6192307472229004, 0.6115384697914124, 0.6038461327552795, 0.6230769157409668, 0.6134615540504456, 0.6000000238418579, 0.6096153855323792, 0.6038461327552795, 0.607692301273346, 0.6134615540504456, 0.5923076868057251, 0.6346153616905212, 0.6153846383094788, 0.6096153855323792, 0.6115384697914124, 0.6173076629638672, 0.607692301273346, 0.5942307710647583, 0.6096153855323792, 0.6000000238418579]}