{
    "baseline": {
        "accuracy": 0.5592307692307692,
        "precision": 0.5371789944182461,
        "recall": 0.5592307692307692,
        "f1-score": 0.5376879216504815
    },
    "grid_search": {
        "accuracy": 0.546923076923077,
        "precision": 0.5140277982592797,
        "recall": 0.546923076923077,
        "f1-score": 0.5274139166633637
    },
    "random_search": {
        "accuracy": 0.5615384615384615,
        "precision": 0.5295157419991857,
        "recall": 0.5615384615384615,
        "f1-score": 0.5247188955370095
    }
}